{
    "Version": "2012-10-17",
    "Statement": [
        {
            "Sid": "CheckRootAccountMFA",
            "Effect": "Deny",
            "Action": [
                "*"
            ],
            "Resource": "*",
            "Condition": {
                "StringEquals": {
                    "aws:RequestTag/IsRootLogin": "true"
                },
                "BoolIfExists": {
                    "aws:MultiFactorAuthPresent": "false"
                }
            }
        }
    ]
}